Workbook

Sheet Sheet1
A5: KECAMATAN | B5: PARTNER | C5: REVENUE MTD | D5: REVENUE LMTD | E5: GROWTH | F5: PRIMARY MTD | G5: PRIMARY LMTD | H5: GROWTH | I5: SECONDARY MTD | J5: SECONDARY LMTD | K5: GROWTH | L5: TERTIARY B# MTD | M5: TERTIARY B# LMTD | N5: GROWTH | O5: TRADE SUPPLY MTD | P5: TRADE SUPPLY LMTD | Q5: GROWTH | R5: VLR SUBS MTD | S5: VLR SUBS LMTD | T5: GROWTH | U5: RGUGA TRADE MTD | V5: RGUGA TRADE LMTD | W5: GROWTH | X5: SP SELL IN MTD | Y5: SP SELL IN LMTD | Z5: GROWTH
A6: BENGKAYANG|BENGKAYANG | B6: SDP JAGOI BABANG | C6: =IFERROR(VLOOKUP(A:A,MASTER!A:C,3,0),0) -> 5.4068004e+08 | D6: =IFERROR(VLOOKUP(A:A,MASTER!A:D,4,0),0) -> 5.5118409e+08 | E6: =IFERROR(C6/D6-1,0) -> -0.019057235 | F6: =IFERROR(VLOOKUP(A6,MASTER!A:E,5,0),0) -> 2345045 | G6: =IFERROR(VLOOKUP(A6,MASTER!A:F,6,0),0) -> 554504.5 | H6: =IFERROR(F6/G6-1,0) -> 3.229082 | I6: =IFERROR(VLOOKUP(A6,MASTER!A:O,15,0),0) -> 29442523 | J6: =IFERROR(VLOOKUP(A6,MASTER!A:P,16,0),0) -> 52789279 | K6: =IFERROR(I6/J6-1,0) -> -0.44226322 | L6: =IFERROR(VLOOKUP(A6,MASTER!A:S,19,0),0) -> 2.2902926e+08 | M6: =IFERROR(VLOOKUP(A6,MASTER!A:T,20,0),0) -> 2.3244551e+08 | N6: =IFERROR(L6/M6-1,0) -> -0.014697014 | O6: =IFERROR(VLOOKUP(A6,MASTER!A:U,21,0),0) -> 35277748 | P6: =IFERROR(VLOOKUP(A6,MASTER!A:V,22,0),0) -> 54031982 | Q6: =IFERROR(O6/P6-1,0) -> -0.34709506 | R6: =IFERROR(VLOOKUP(A6,MASTER!A:W,23,0),0) -> 10893.192 | S6: =IFERROR(VLOOKUP(A6,MASTER!A:X,24,0),0) -> 10580.538 | T6: =IFERROR(R6/S6-1,0) -> 0.029549899 | U6: =IFERROR(VLOOKUP(A6,MASTER!A:M,13,0),0) -> 950 | V6: =IFERROR(VLOOKUP(A6,MASTER!A:N,14,0),0) -> 945 | W6: =IFERROR(U6/V6-1,0) -> 0.0052910053 | X6: =IFERROR(VLOOKUP(A6,MASTER!A:Q,17,0),0) -> 135 | Y6: =IFERROR(VLOOKUP(A6,MASTER!A:R,18,0),0) -> 256 | Z6: =IFERROR(X6/Y6-1,0) -> -0.47265625
A7: JAGOI BABANG|BENGKAYANG | B7: SDP JAGOI BABANG | C7: =IFERROR(VLOOKUP(A:A,MASTER!A:C,3,0),0) -> 3.390007e+08 | D7: =IFERROR(VLOOKUP(A:A,MASTER!A:D,4,0),0) -> 3.569072e+08 | E7: =IFERROR(C7/D7-1,0) -> -0.050171319 | F7: =IFERROR(VLOOKUP(A7,MASTER!A:E,5,0),0) -> 518018.02 | G7: =IFERROR(VLOOKUP(A7,MASTER!A:F,6,0),0) -> 3265540.5 | H7: =IFERROR(F7/G7-1,0) -> -0.84136837 | I7: =IFERROR(VLOOKUP(A7,MASTER!A:O,15,0),0) -> 64502252 | J7: =IFERROR(VLOOKUP(A7,MASTER!A:P,16,0),0) -> 66095946 | K7: =IFERROR(I7/J7-1,0) -> -0.024111822 | L7: =IFERROR(VLOOKUP(A7,MASTER!A:S,19,0),0) -> 87510180 | M7: =IFERROR(VLOOKUP(A7,MASTER!A:T,20,0),0) -> 90549437 | N7: =IFERROR(L7/M7-1,0) -> -0.033564612 | O7: =IFERROR(VLOOKUP(A7,MASTER!A:U,21,0),0) -> 64945946 | P7: =IFERROR(VLOOKUP(A7,MASTER!A:V,22,0),0) -> 63523153 | Q7: =IFERROR(O7/P7-1,0) -> 0.022398019 | R7: =IFERROR(VLOOKUP(A7,MASTER!A:W,23,0),0) -> 4028.8077 | S7: =IFERROR(VLOOKUP(A7,MASTER!A:X,24,0),0) -> 4073.4231 | T7: =IFERROR(R7/S7-1,0) -> -0.010952799 | U7: =IFERROR(VLOOKUP(A7,MASTER!A:M,13,0),0) -> 41 | V7: =IFERROR(VLOOKUP(A7,MASTER!A:N,14,0),0) -> 62 | W7: =IFERROR(U7/V7-1,0) -> -0.33870968 | X7: =IFERROR(VLOOKUP(A7,MASTER!A:Q,17,0),0) -> 161 | Y7: =IFERROR(VLOOKUP(A7,MASTER!A:R,18,0),0) -> 149 | Z7: =IFERROR(X7/Y7-1,0) -> 0.080536913
A8: LEDO|BENGKAYANG | B8: SDP JAGOI BABANG | C8: =IFERROR(VLOOKUP(A:A,MASTER!A:C,3,0),0) -> 2.5302774e+08 | D8: =IFERROR(VLOOKUP(A:A,MASTER!A:D,4,0),0) -> 2.6130756e+08 | E8: =IFERROR(C8/D8-1,0) -> -0.0316861 | F8: =IFERROR(VLOOKUP(A8,MASTER!A:E,5,0),0) -> 1182882.9 | G8: =IFERROR(VLOOKUP(A8,MASTER!A:F,6,0),0) -> 1290991 | H8: =IFERROR(F8/G8-1,0) -> -0.083740405 | I8: =IFERROR(VLOOKUP(A8,MASTER!A:O,15,0),0) -> 38605013 | J8: =IFERROR(VLOOKUP(A8,MASTER!A:P,16,0),0) -> 2.0286162e+08 | K8: =IFERROR(I8/J8-1,0) -> -0.8096978 | L8: =IFERROR(VLOOKUP(A8,MASTER!A:S,19,0),0) -> 88875941 | M8: =IFERROR(VLOOKUP(A8,MASTER!A:T,20,0),0) -> 92484523 | N8: =IFERROR(L8/M8-1,0) -> -0.039018216 | O8: =IFERROR(VLOOKUP(A8,MASTER!A:U,21,0),0) -> 52948919 | P8: =IFERROR(VLOOKUP(A8,MASTER!A:V,22,0),0) -> 1.6720477e+08 | Q8: =IFERROR(O8/P8-1,0) -> -0.68332891 | R8: =IFERROR(VLOOKUP(A8,MASTER!A:W,23,0),0) -> 4562.9231 | S8: =IFERROR(VLOOKUP(A8,MASTER!A:X,24,0),0) -> 4416.1538 | T8: =IFERROR(R8/S8-1,0) -> 0.033234628 | U8: =IFERROR(VLOOKUP(A8,MASTER!A:M,13,0),0) -> 18 | V8: =IFERROR(VLOOKUP(A8,MASTER!A:N,14,0),0) -> 21 | W8: =IFERROR(U8/V8-1,0) -> -0.14285714 | X8: =IFERROR(VLOOKUP(A8,MASTER!A:Q,17,0),0) -> 124 | Y8: =IFERROR(VLOOKUP(A8,MASTER!A:R,18,0),0) -> 150 | Z8: =IFERROR(X8/Y8-1,0) -> -0.17333333
A9: LUMAR|BENGKAYANG | B9: SDP JAGOI BABANG | C9: =IFERROR(VLOOKUP(A:A,MASTER!A:C,3,0),0) -> 2.1835647e+08 | D9: =IFERROR(VLOOKUP(A:A,MASTER!A:D,4,0),0) -> 2.1245902e+08 | E9: =IFERROR(C9/D9-1,0) -> 0.027758031 | F9: =IFERROR(VLOOKUP(A9,MASTER!A:E,5,0),0) -> 1265765.8 | G9: =IFERROR(VLOOKUP(A9,MASTER!A:F,6,0),0) -> 2278828.8 | H9: =IFERROR(F9/G9-1,0) -> -0.44455426 | I9: =IFERROR(VLOOKUP(A9,MASTER!A:O,15,0),0) -> 11107207 | J9: =IFERROR(VLOOKUP(A9,MASTER!A:P,16,0),0) -> 17379009 | K9: =IFERROR(I9/J9-1,0) -> -0.36088374 | L9: =IFERROR(VLOOKUP(A9,MASTER!A:S,19,0),0) -> 86031532 | M9: =IFERROR(VLOOKUP(A9,MASTER!A:T,20,0),0) -> 89409450 | N9: =IFERROR(L9/M9-1,0) -> -0.037780334 | O9: =IFERROR(VLOOKUP(A9,MASTER!A:U,21,0),0) -> 11145135 | P9: =IFERROR(VLOOKUP(A9,MASTER!A:V,22,0),0) -> 15803784 | Q9: =IFERROR(O9/P9-1,0) -> -0.29478059 | R9: =IFERROR(VLOOKUP(A9,MASTER!A:W,23,0),0) -> 3437 | S9: =IFERROR(VLOOKUP(A9,MASTER!A:X,24,0),0) -> 3259.3077 | T9: =IFERROR(R9/S9-1,0) -> 0.054518421 | U9: =IFERROR(VLOOKUP(A9,MASTER!A:M,13,0),0) -> 32 | V9: =IFERROR(VLOOKUP(A9,MASTER!A:N,14,0),0) -> 16 | W9: =IFERROR(U9/V9-1,0) -> 1 | X9: =IFERROR(VLOOKUP(A9,MASTER!A:Q,17,0),0) -> 35 | Y9: =IFERROR(VLOOKUP(A9,MASTER!A:R,18,0),0) -> 121 | Z9: =IFERROR(X9/Y9-1,0) -> -0.7107438
A10: SANGGAU LEDO|BENGKAYANG | B10: SDP JAGOI BABANG | C10: =IFERROR(VLOOKUP(A:A,MASTER!A:C,3,0),0) -> 2.8581384e+08 | D10: =IFERROR(VLOOKUP(A:A,MASTER!A:D,4,0),0) -> 2.8226916e+08 | E10: =IFERROR(C10/D10-1,0) -> 0.012557817 | F10: =IFERROR(VLOOKUP(A10,MASTER!A:E,5,0),0) -> 6577927.9 | G10: =IFERROR(VLOOKUP(A10,MASTER!A:F,6,0),0) -> 2347747.7 | H10: =IFERROR(F10/G10-1,0) -> 1.8018035 | I10: =IFERROR(VLOOKUP(A10,MASTER!A:O,15,0),0) -> 20001171 | J10: =IFERROR(VLOOKUP(A10,MASTER!A:P,16,0),0) -> 36330180 | K10: =IFERROR(I10/J10-1,0) -> -0.44946127 | L10: =IFERROR(VLOOKUP(A10,MASTER!A:S,19,0),0) -> 75785932 | M10: =IFERROR(VLOOKUP(A10,MASTER!A:T,20,0),0) -> 79501023 | N10: =IFERROR(L10/M10-1,0) -> -0.046730092 | O10: =IFERROR(VLOOKUP(A10,MASTER!A:U,21,0),0) -> 20815315 | P10: =IFERROR(VLOOKUP(A10,MASTER!A:V,22,0),0) -> 37203333 | Q10: =IFERROR(O10/P10-1,0) -> -0.44049865 | R10: =IFERROR(VLOOKUP(A10,MASTER!A:W,23,0),0) -> 4382.2692 | S10: =IFERROR(VLOOKUP(A10,MASTER!A:X,24,0),0) -> 4341.0769 | T10: =IFERROR(R10/S10-1,0) -> 0.0094889606 | U10: =IFERROR(VLOOKUP(A10,MASTER!A:M,13,0),0) -> 37 | V10: =IFERROR(VLOOKUP(A10,MASTER!A:N,14,0),0) -> 33 | W10: =IFERROR(U10/V10-1,0) -> 0.12121212 | X10: =IFERROR(VLOOKUP(A10,MASTER!A:Q,17,0),0) -> 72 | Y10: =IFERROR(VLOOKUP(A10,MASTER!A:R,18,0),0) -> 122 | Z10: =IFERROR(X10/Y10-1,0) -> -0.40983607
A11: SELUAS|BENGKAYANG | B11: SDP JAGOI BABANG | C11: =IFERROR(VLOOKUP(A:A,MASTER!A:C,3,0),0) -> 6.3238269e+08 | D11: =IFERROR(VLOOKUP(A:A,MASTER!A:D,4,0),0) -> 5.986278e+08 | E11: =IFERROR(C11/D11-1,0) -> 0.056387111 | F11: =IFERROR(VLOOKUP(A11,MASTER!A:E,5,0),0) -> 4.5190269e+08 | G11: =IFERROR(VLOOKUP(A11,MASTER!A:F,6,0),0) -> 8.2114761e+08 | H11: =IFERROR(F11/G11-1,0) -> -0.44966937 | I11: =IFERROR(VLOOKUP(A11,MASTER!A:O,15,0),0) -> 5.4798147e+08 | J11: =IFERROR(VLOOKUP(A11,MASTER!A:P,16,0),0) -> 7.5647376e+08 | K11: =IFERROR(I11/J11-1,0) -> -0.27561073 | L11: =IFERROR(VLOOKUP(A11,MASTER!A:S,19,0),0) -> 2.0678482e+08 | M11: =IFERROR(VLOOKUP(A11,MASTER!A:T,20,0),0) -> 2.0217071e+08 | N11: =IFERROR(L11/M11-1,0) -> 0.022822832 | O11: =IFERROR(VLOOKUP(A11,MASTER!A:U,21,0),0) -> 5.9180405e+08 | P11: =IFERROR(VLOOKUP(A11,MASTER!A:V,22,0),0) -> 6.1203676e+08 | Q11: =IFERROR(O11/P11-1,0) -> -0.033057986 | R11: =IFERROR(VLOOKUP(A11,MASTER!A:W,23,0),0) -> 9119.6154 | S11: =IFERROR(VLOOKUP(A11,MASTER!A:X,24,0),0) -> 8867.1154 | T11: =IFERROR(R11/S11-1,0) -> 0.028476003 | U11: =IFERROR(VLOOKUP(A11,MASTER!A:M,13,0),0) -> 233 | V11: =IFERROR(VLOOKUP(A11,MASTER!A:N,14,0),0) -> 153 | W11: =IFERROR(U11/V11-1,0) -> 0.52287582 | X11: =IFERROR(VLOOKUP(A11,MASTER!A:Q,17,0),0) -> 296 | Y11: =IFERROR(VLOOKUP(A11,MASTER!A:R,18,0),0) -> 685 | Z11: =IFERROR(X11/Y11-1,0) -> -0.56788321
A12: SIDING|BENGKAYANG | B12: SDP JAGOI BABANG | C12: =IFERROR(VLOOKUP(A:A,MASTER!A:C,3,0),0) -> 0 | D12: =IFERROR(VLOOKUP(A:A,MASTER!A:D,4,0),0) -> 0 | E12: =IFERROR(C12/D12-1,0) -> 0 | F12: =IFERROR(VLOOKUP(A12,MASTER!A:E,5,0),0) -> 0 | G12: =IFERROR(VLOOKUP(A12,MASTER!A:F,6,0),0) -> 0 | H12: =IFERROR(F12/G12-1,0) -> 0 | I12: =IFERROR(VLOOKUP(A12,MASTER!A:O,15,0),0) -> 0 | J12: =IFERROR(VLOOKUP(A12,MASTER!A:P,16,0),0) -> 0 | K12: =IFERROR(I12/J12-1,0) -> 0 | L12: =IFERROR(VLOOKUP(A12,MASTER!A:S,19,0),0) -> 0 | M12: =IFERROR(VLOOKUP(A12,MASTER!A:T,20,0),0) -> 0 | N12: =IFERROR(L12/M12-1,0) -> 0 | O12: =IFERROR(VLOOKUP(A12,MASTER!A:U,21,0),0) -> 0 | P12: =IFERROR(VLOOKUP(A12,MASTER!A:V,22,0),0) -> 0 | Q12: =IFERROR(O12/P12-1,0) -> 0 | R12: =IFERROR(VLOOKUP(A12,MASTER!A:W,23,0),0) -> 0 | S12: =IFERROR(VLOOKUP(A12,MASTER!A:X,24,0),0) -> 0 | T12: =IFERROR(R12/S12-1,0) -> 0 | U12: =IFERROR(VLOOKUP(A12,MASTER!A:M,13,0),0) -> 0 | V12: =IFERROR(VLOOKUP(A12,MASTER!A:N,14,0),0) -> 0 | W12: =IFERROR(U12/V12-1,0) -> 0 | X12: =IFERROR(VLOOKUP(A12,MASTER!A:Q,17,0),0) -> 0 | Y12: =IFERROR(VLOOKUP(A12,MASTER!A:R,18,0),0) -> 0 | Z12: =IFERROR(X12/Y12-1,0) -> 0
A13: SUTI SEMARANG|BENGKAYANG | B13: SDP JAGOI BABANG | C13: =IFERROR(VLOOKUP(A:A,MASTER!A:C,3,0),0) -> 0 | D13: =IFERROR(VLOOKUP(A:A,MASTER!A:D,4,0),0) -> 0 | E13: =IFERROR(C13/D13-1,0) -> 0 | F13: =IFERROR(VLOOKUP(A13,MASTER!A:E,5,0),0) -> 0 | G13: =IFERROR(VLOOKUP(A13,MASTER!A:F,6,0),0) -> 3378378.4 | H13: =IFERROR(F13/G13-1,0) -> -1 | I13: =IFERROR(VLOOKUP(A13,MASTER!A:O,15,0),0) -> 1.0233806e+08 | J13: =IFERROR(VLOOKUP(A13,MASTER!A:P,16,0),0) -> 48681081 | K13: =IFERROR(I13/J13-1,0) -> 1.1022143 | L13: =IFERROR(VLOOKUP(A13,MASTER!A:S,19,0),0) -> 0 | M13: =IFERROR(VLOOKUP(A13,MASTER!A:T,20,0),0) -> 0 | N13: =IFERROR(L13/M13-1,0) -> 0 | O13: =IFERROR(VLOOKUP(A13,MASTER!A:U,21,0),0) -> 0 | P13: =IFERROR(VLOOKUP(A13,MASTER!A:V,22,0),0) -> 0 | Q13: =IFERROR(O13/P13-1,0) -> 0 | R13: =IFERROR(VLOOKUP(A13,MASTER!A:W,23,0),0) -> 0 | S13: =IFERROR(VLOOKUP(A13,MASTER!A:X,24,0),0) -> 0 | T13: =IFERROR(R13/S13-1,0) -> 0 | U13: =IFERROR(VLOOKUP(A13,MASTER!A:M,13,0),0) -> 0 | V13: =IFERROR(VLOOKUP(A13,MASTER!A:N,14,0),0) -> 0 | W13: =IFERROR(U13/V13-1,0) -> 0 | X13: =IFERROR(VLOOKUP(A13,MASTER!A:Q,17,0),0) -> 0 | Y13: =IFERROR(VLOOKUP(A13,MASTER!A:R,18,0),0) -> 0 | Z13: =IFERROR(X13/Y13-1,0) -> 0
A14: TERIAK|BENGKAYANG | B14: SDP JAGOI BABANG | C14: =IFERROR(VLOOKUP(A:A,MASTER!A:C,3,0),0) -> 5.8792288e+08 | D14: =IFERROR(VLOOKUP(A:A,MASTER!A:D,4,0),0) -> 6.1783338e+08 | E14: =IFERROR(C14/D14-1,0) -> -0.048411913 | F14: =IFERROR(VLOOKUP(A14,MASTER!A:E,5,0),0) -> 70581795 | G14: =IFERROR(VLOOKUP(A14,MASTER!A:F,6,0),0) -> 21974599 | H14: =IFERROR(F14/G14-1,0) -> 2.2119719 | I14: =IFERROR(VLOOKUP(A14,MASTER!A:O,15,0),0) -> 1.3703707e+08 | J14: =IFERROR(VLOOKUP(A14,MASTER!A:P,16,0),0) -> 2.2861775e+08 | K14: =IFERROR(I14/J14-1,0) -> -0.40058431 | L14: =IFERROR(VLOOKUP(A14,MASTER!A:S,19,0),0) -> 3.1396098e+08 | M14: =IFERROR(VLOOKUP(A14,MASTER!A:T,20,0),0) -> 3.2519765e+08 | N14: =IFERROR(L14/M14-1,0) -> -0.034553345 | O14: =IFERROR(VLOOKUP(A14,MASTER!A:U,21,0),0) -> 1.1947746e+08 | P14: =IFERROR(VLOOKUP(A14,MASTER!A:V,22,0),0) -> 2.1927602e+08 | Q14: =IFERROR(O14/P14-1,0) -> -0.45512756 | R14: =IFERROR(VLOOKUP(A14,MASTER!A:W,23,0),0) -> 11285.577 | S14: =IFERROR(VLOOKUP(A14,MASTER!A:X,24,0),0) -> 11420.308 | T14: =IFERROR(R14/S14-1,0) -> -0.011797473 | U14: =IFERROR(VLOOKUP(A14,MASTER!A:M,13,0),0) -> 906 | V14: =IFERROR(VLOOKUP(A14,MASTER!A:N,14,0),0) -> 831 | W14: =IFERROR(U14/V14-1,0) -> 0.090252708 | X14: =IFERROR(VLOOKUP(A14,MASTER!A:Q,17,0),0) -> 350 | Y14: =IFERROR(VLOOKUP(A14,MASTER!A:R,18,0),0) -> 778 | Z14: =IFERROR(X14/Y14-1,0) -> -0.55012853
A15: TUJUH BELAS|BENGKAYANG | B15: SDP JAGOI BABANG | C15: =IFERROR(VLOOKUP(A:A,MASTER!A:C,3,0),0) -> 2.3661217e+08 | D15: =IFERROR(VLOOKUP(A:A,MASTER!A:D,4,0),0) -> 2.3157547e+08 | E15: =IFERROR(C15/D15-1,0) -> 0.021749675 | F15: =IFERROR(VLOOKUP(A15,MASTER!A:E,5,0),0) -> 1595450.5 | G15: =IFERROR(VLOOKUP(A15,MASTER!A:F,6,0),0) -> 118018.02 | H15: =IFERROR(F15/G15-1,0) -> 12.518702 | I15: =IFERROR(VLOOKUP(A15,MASTER!A:O,15,0),0) -> 21692207 | J15: =IFERROR(VLOOKUP(A15,MASTER!A:P,16,0),0) -> 25018739 | K15: =IFERROR(I15/J15-1,0) -> -0.1329616 | L15: =IFERROR(VLOOKUP(A15,MASTER!A:S,19,0),0) -> 74144865 | M15: =IFERROR(VLOOKUP(A15,MASTER!A:T,20,0),0) -> 74611140 | N15: =IFERROR(L15/M15-1,0) -> -0.0062493989 | O15: =IFERROR(VLOOKUP(A15,MASTER!A:U,21,0),0) -> 20895946 | P15: =IFERROR(VLOOKUP(A15,MASTER!A:V,22,0),0) -> 27697387 | Q15: =IFERROR(O15/P15-1,0) -> -0.24556256 | R15: =IFERROR(VLOOKUP(A15,MASTER!A:W,23,0),0) -> 4225.4615 | S15: =IFERROR(VLOOKUP(A15,MASTER!A:X,24,0),0) -> 4232.0769 | T15: =IFERROR(R15/S15-1,0) -> -0.0015631532 | U15: =IFERROR(VLOOKUP(A15,MASTER!A:M,13,0),0) -> 86 | V15: =IFERROR(VLOOKUP(A15,MASTER!A:N,14,0),0) -> 25 | W15: =IFERROR(U15/V15-1,0) -> 2.44 | X15: =IFERROR(VLOOKUP(A15,MASTER!A:Q,17,0),0) -> 79 | Y15: =IFERROR(VLOOKUP(A15,MASTER!A:R,18,0),0) -> 202 | Z15: =IFERROR(X15/Y15-1,0) -> -0.60891089

Sheet MASTER
A2: parameter | B2: DD | C2: Prepaid Rev | D2: Prepaid Rev | E2: Primary | F2: Primary | G2: QSC 100MB | H2: QSC 100MB | I2: RETTAG_3GB | J2: RETTAG_3GB | K2: RGUGA FWA ALL CHANNEL | L2: RGUGA FWA ALL CHANNEL | M2: RGUGA-Trad | N2: RGUGA-Trad | O2: Secondary | P2: Secondary | Q2: SELLIN_3GB | R2: SELLIN_3GB | S2: Tertiary B# | T2: Tertiary B# | U2: Trade Supply | V2: Trade Supply | W2: VLR_SUBS | X2: VLR_SUBS
A3: kec_unik | B3: pt_id | C3: MTD | D3: LMTD | E3: MTD | F3: LMTD | G3: MTD | H3: LMTD | I3: MTD | J3: LMTD | K3: MTD | L3: LMTD | M3: MTD | N3: LMTD | O3: MTD | P3: LMTD | Q3: MTD | R3: LMTD | S3: MTD | T3: LMTD | U3: MTD | V3: LMTD | W3: MTD | X3: LMTD
A4: 2 X 11 KAYU TANAM|PADANG PARIAMAN | B4: PT-PARIAMAN | C4: 1.4415394e+08 | D4: 1.4605921e+08 | E4: 13513.514 | F4: 293693.69 | G4: 16 | H4: 17 | I4: 3 | J4: 2 | M4: 42 | N4: 32 | O4: 23376126 | P4: 68846667 | Q4: 98 | R4: 198 | S4: 35098189 | T4: 38066534 | U4: 7062522.5 | V4: 46766396 | W4: 2609.7692 | X4: 2767.2692
A5: 2X11 ENAM LINGKUNG|PADANG PARIAMAN | B5: PT-PARIAMAN | C5: 2.2345197e+08 | D5: 2.2596672e+08 | E5: 189189.19 | F5: 354054.05 | G5: 4 | H5: 3 | I5: 2 | J5: 5 | K5: 1 | M5: 125 | N5: 31 | O5: 31399550 | P5: 81901847 | Q5: 105 | R5: 227 | S5: 77163329 | T5: 81294261 | U5: 13553694 | V5: 54936126 | W5: 2872.1923 | X5: 3020.7308
A6: ABAB|PENUKAL ABAB LEMATANG ILIR | B6: PT-PRABUMULIH TANAH ABANG | C6: 3.0723377e+08 | D6: 3.5836048e+08 | E6: 1601786.5 | F6: 1531302.7 | G6: 134 | H6: 81 | I6: 4 | J6: 1 | K6: 1 | M6: 151 | N6: 89 | O6: 9086486.5 | P6: 4609729.7 | Q6: 55 | R6: 17 | S6: 55350464 | T6: 63230842 | U6: 9001351.4 | V6: 5958648.6 | W6: 4289.4615 | X6: 4751.8077
A7: ABANG|KARANGASEM | B7: PT-KARANGASEM TIMUR | C7: 7.2470279e+08 | D7: 7.0322883e+08 | E7: 75194505 | F7: 40134234 | G7: 178 | H7: 205 | I7: 14 | J7: 16 | M7: 204 | N7: 239 | O7: 1.9615405e+08 | P7: 2.2149437e+08 | Q7: 176 | R7: 690 | S7: 3.4571892e+08 | T7: 3.5603055e+08 | U7: 1.6430712e+08 | V7: 1.6599541e+08 | W7: 18402.692 | X7: 20269.923
A8: ABELI|KOTA KENDARI | B8: PT-KENDARI | C8: 1.8230535e+08 | D8: 1.8324428e+08 | E8: 2039891.9 | F8: 778378.38 | G8: 50 | H8: 62 | I8: 17 | J8: 17 | M8: 82 | N8: 109 | O8: 40651784 | P8: 41724865 | Q8: 246 | R8: 314 | S8: 61956554 | T8: 65698947 | U8: 44542342 | V8: 44338108 | W8: 3803.9615 | X8: 3825.9615
A9: ABEPURA|KOTA JAYAPURA | B9: PT-JAYAPURA UTARA | C9: 4.3200357e+08 | D9: 4.1733916e+08 | E9: 900900.9 | F9: 809009.01 | G9: 173 | H9: 214 | I9: 18 | J9: 13 | K9: 4 | M9: 291 | N9: 243 | O9: 47258378 | P9: 14869369 | Q9: 159 | R9: 214 | S9: 41522187 | T9: 39892377 | U9: 40494995 | V9: 14196079 | W9: 6318.8462 | X9: 6008.4231
A10: ABIANSEMAL|BADUNG | B10: PT-BADUNG | C10: 1.2054812e+09 | D10: 1.1709051e+09 | E10: 16235135 | F10: 2804955 | G10: 296 | H10: 279 | I10: 42 | J10: 52 | K10: 2 | M10: 534 | N10: 475 | O10: 2.3842072e+08 | P10: 2.2566486e+08 | Q10: 1483 | R10: 762 | S10: 3.2666868e+08 | T10: 3.2386859e+08 | U10: 2.203636e+08 | V10: 2.0539414e+08 | W10: 26035.538 | X10: 25274.923
A11: ABUKI|KONAWE | B11: PT-NORTH KONAWE | C11: 2.3808151e+08 | D11: 2.2733318e+08 | E11: 2878945.9 | F11: 229729.73 | G11: 97 | H11: 36 | I11: 19 | J11: 6 | M11: 279 | N11: 104 | O11: 37879396 | P11: 36011036 | Q11: 153 | R11: 85 | S11: 87829036 | T11: 81051703 | U11: 37634685 | V11: 33882207 | W11: 4212.6154 | X11: 4169
A12: ABUNG BARAT|LAMPUNG UTARA | B12: PT-KOTABUMI | C12: 3.5638599e+08 | D12: 3.9693452e+08 | E12: 2.870114e+08 | F12: 1379279.3 | G12: 80 | H12: 58 | I12: 14 | J12: 6 | K12: 1 | M12: 91 | N12: 109 | O12: 54453243 | P12: 56821081 | Q12: 361 | R12: 223 | S12: 1.2301737e+08 | T12: 1.3266922e+08 | U12: 57323063 | V12: 55229279 | W12: 5804.4231 | X12: 5981.3077
A13: ABUNG KUNANG|LAMPUNG UTARA | B13: PT-KOTABUMI | C13: 98290597 | D13: 1.019126e+08 | E13: 170945.95 | F13: 58558.559 | G13: 27 | H13: 29 | I13: 3 | J13: 3 | M13: 30 | N13: 33 | O13: 5145495.5 | P13: 3246846.8 | Q13: 161 | R13: 50 | S13: 31171117 | T13: 32238014 | U13: 5749369.4 | V13: 3812432.4 | W13: 1710.8077 | X13: 1676.9231
A14: ABUNG PEKURUN|LAMPUNG UTARA | B14: PT-KOTABUMI | C14: 1.1648181e+08 | D14: 1.2038776e+08 | E14: 9909.9099 | F14: 5405.4054 | G14: 38 | H14: 41 | I14: 2 | J14: 0 | M14: 42 | N14: 47 | O14: 3829729.7 | P14: 1605045 | Q14: 58 | R14: 12 | S14: 30087622 | T14: 31589685 | U14: 2849549.5 | V14: 1434864.9 | W14: 1900.2692 | X14: 1878.3077
A15: ABUNG SELATAN|LAMPUNG UTARA | B15: PT-KOTABUMI | C15: 9.0037788e+08 | D15: 1.066705e+09 | E15: 8648198.2 | F15: 1406306.3 | G15: 213 | H15: 121 | I15: 18 | J15: 23 | K15: 3 | M15: 344 | N15: 370 | O15: 76437568 | P15: 62283919 | Q15: 444 | R15: 432 | S15: 2.7276719e+08 | T15: 2.7981606e+08 | U15: 79770360 | V15: 62748108 | W15: 16182.846 | X15: 16106.077
A16: ABUNG SEMULI|LAMPUNG UTARA | B16: PT-SUNGKAI | C16: 3.7576081e+08 | D16: 3.9886216e+08 | E16: 4415936.9 | F16: 192792.79 | G16: 90 | H16: 64 | I16: 17 | J16: 16 | K16: 3 | M16: 116 | N16: 75 | O16: 48295225 | P16: 44340360 | Q16: 176 | R16: 267 | S16: 90211356 | T16: 97506359 | U16: 49370090 | V16: 39253333 | W16: 6140.3462 | X16: 6158.8846
A17: ABUNG SURAKARTA|LAMPUNG UTARA | B17: PT-LAMPUNG UTARA ABUNG SEMULI | C17: 5.6649978e+08 | D17: 6.0414871e+08 | E17: 1.6283765e+08 | F17: 1.8012901e+08 | G17: 112 | H17: 108 | I17: 24 | J17: 21 | K17: 2 | M17: 138 | N17: 163 | O17: 1.5782191e+08 | P17: 1.6956754e+08 | Q17: 175 | R17: 347 | S17: 1.3893649e+08 | T17: 1.4779228e+08 | U17: 1.4424009e+08 | V17: 1.5622396e+08 | W17: 9085.8846 | X17: 9441.6538
A18: ABUNG TENGAH|LAMPUNG UTARA | B18: PT-KOTABUMI | C18: 1.6570003e+08 | D18: 1.9010661e+08 | E18: 2375405.4 | F18: 349324.32 | G18: 51 | H18: 47 | I18: 7 | J18: 4 | K18: 1 | M18: 61 | N18: 62 | O18: 21410360 | P18: 23249144 | Q18: 160 | R18: 143 | S18: 56141491 | T18: 61791473 | U18: 19505586 | V18: 18218288 | W18: 3094.2692 | X18: 3131.5
A19: ABUNG TIMUR|LAMPUNG UTARA | B19: PT-SUNGKAI | C19: 4.6206015e+08 | D19: 4.9064936e+08 | E19: 6580630.6 | F19: 2190991 | G19: 263 | H19: 204 | I19: 10 | J19: 7 | K19: 3 | M19: 287 | N19: 228 | O19: 31848108 | P19: 30827027 | Q19: 129 | R19: 191 | S19: 1.0746025e+08 | T19: 1.1370211e+08 | U19: 29998061 | V19: 31585405 | W19: 7214.6923 | X19: 6916.5769
A20: ABUNG TINGGI|LAMPUNG UTARA | B20: PT-TANJUNG RAJA | C20: 2.6634169e+08 | D20: 2.9436145e+08 | E20: 35810.811 | F20: 229729.73 | G20: 81 | H20: 79 | I20: 6 | J20: 8 | K20: 3 | M20: 97 | N20: 100 | O20: 58712613 | P20: 39812252 | Q20: 108 | R20: 137 | S20: 52643216 | T20: 59695084 | U20: 58140541 | V20: 40126577 | W20: 4529.9615 | X20: 4649.6923
A21: ADILUWIH|PRINGSEWU | B21: PT-ADILUWIH | C21: 2.2384274e+08 | D21: 2.4260438e+08 | E21: 64130375 | F21: 69551862 | G21: 53 | H21: 95 | I21: 2 | J21: 11 | M21: 75 | N21: 190 | O21: 45464054 | P21: 49822162 | R21: 175 | S21: 71228548 | T21: 74970383 | U21: 34843423 | V21: 36163964 | W21: 7503.3077 | X21: 7408.2308
A22: ADIMULYO|KEBUMEN | B22: PT-KEBUMEN BARAT | C22: 1.2029692e+08 | D22: 1.2099313e+08 | E22: 120720.72 | F22: 32432.432 | G22: 68 | H22: 14 | I22: 6 | J22: 4 | K22: 3 | M22: 89 | N22: 33 | O22: 5348378.4 | P22: 7939189.2 | Q22: 87 | R22: 89 | S22: 28419027 | T22: 29290604 | U22: 4472342.3 | V22: 5508468.5 | W22: 3200.7692 | X22: 3342.0769
A23: ADIPALA|CILACAP | B23: PT-CILACAP TIMUR | C23: 9.991047e+08 | D23: 1.0007173e+09 | E23: 7879054.1 | F23: 667342.34 | G23: 288 | H23: 359 | I23: 35 | J23: 29 | K23: 2 | M23: 487 | N23: 489 | O23: 3.4639831e+08 | P23: 2.9756005e+08 | Q23: 837 | R23: 1001 | S23: 3.2046153e+08 | T23: 3.2984357e+08 | U23: 89346486 | V23: 1.3972545e+08 | W23: 28140.462 | X23: 27790.423
A24: ADIWERNA|TEGAL | B24: PT-TEGAL BARAT | C24: 1.6867119e+09 | D24: 1.7064416e+09 | E24: 5.6854293e+08 | F24: 58196509 | G24: 472 | H24: 295 | I24: 41 | J24: 37 | M24: 813 | N24: 568 | O24: 3.4983098e+08 | P24: 9.0841126e+08 | Q24: 724 | R24: 1571 | S24: 6.042808e+08 | T24: 6.1753357e+08 | U24: 1.5211712e+08 | V24: 8.1298306e+08 | W24: 43758.231 | X24: 43886.615
A25: ADONARA BARAT|FLORES TIMUR | B25: PT-ADONARA | C25: 7017933.7 | D25: 8562627.9 | M25: 3 | N25: 8 | O25: 208108.11 | P25: 209909.91 | Q25: 18 | R25: 2 | S25: 960108.11 | T25: 1521891.9 | U25: 259459.46 | V25: 106306.31 | W25: 141.73077 | X25: 149.26923
A26: ADONARA BARAT|FLORES TIMUR | B26: PT-ADONARA TIMUR | C26: 26146039 | D26: 24305569 | E26: 62612.613 | F26: 166666.67 | G26: 14 | H26: 9 | I26: 2 | J26: 0 | M26: 14 | N26: 10 | O26: 2855135.1 | P26: 2954054.1 | Q26: 31 | R26: 32 | S26: 6448331.5 | T26: 5777387.4 | U26: 2197297.3 | V26: 2357477.5 | W26: 394 | X26: 391
A27: ADONARA TENGAH|FLORES TIMUR | B27: PT-ADONARA | C27: 19623451 | D27: 16301721 | M27: 53 | N27: 5 | O27: 232432.43 | P27: 479279.28 | Q27: 10 | R27: 2 | S27: 4198058.6 | T27: 2493626.1 | U27: 239189.19 | V27: 587387.39 | W27: 244.30769 | X27: 228.96154
A28: ADONARA TENGAH|FLORES TIMUR | B28: PT-ADONARA TIMUR | C28: 52587923 | D28: 28813596 | E28: 131081.08 | F28: 66666.667 | G28: 225 | H28: 13 | I28: 3 | J28: 2 | M28: 228 | N28: 16 | O28: 7285405.4 | P28: 3103603.6 | Q28: 52 | R28: 19 | S28: 15073153 | T28: 6654864.9 | U28: 2428288.3 | V28: 1211621.6 | W28: 677 | X28: 434
A29: ADONARA TIMUR|FLORES TIMUR | B29: PT-ADONARA | C29: 93849064 | D29: 87026335 | M29: 259 | N29: 54 | O29: 14177477 | P29: 8056180.2 | Q29: 142 | R29: 18 | S29: 24795841 | T29: 16323662 | U29: 9242973 | V29: 4793423.4 | W29: 1284.9615 | X29: 1324
A30: ADONARA TIMUR|FLORES TIMUR | B30: PT-ADONARA TIMUR | C30: 94987714 | D30: 77850083 | E30: 35281532 | F30: 24897470 | G30: 205 | H30: 32 | I30: 12 | J30: 9 | M30: 215 | N30: 33 | O30: 22307207 | P30: 15822523 | Q30: 196 | R30: 70 | S30: 19156126 | T30: 14152881 | U30: 12062883 | V30: 8078198.2 | W30: 1185 | X30: 1130
A31: ADONARA|FLORES TIMUR | B31: PT-ADONARA | C31: 1.1282366e+08 | D31: 1.1597935e+08 | E31: 58146200 | F31: 34282859 | M31: 189 | N31: 57 | O31: 22301802 | P31: 15468306 | Q31: 221 | R31: 26 | S31: 26762086 | T31: 23620324 | U31: 7413964 | V31: 5783333.3 | W31: 1367.4615 | X31: 1405.5769
A32: ADONARA|FLORES TIMUR | B32: PT-ADONARA TIMUR | C32: 45047373 | D32: 38699287 | E32: 11711.712 | F32: 8108.1081 | G32: 42 | H32: 8 | I32: 13 | J32: 4 | M32: 42 | N32: 8 | O32: 2257837.8 | P32: 1593693.7 | Q32: 37 | R32: 24 | S32: 8233108.1 | T32: 7633964 | U32: 2010180.2 | V32: 1539459.5 | W32: 536 | X32: 515
A33: AEK KUASAN|ASAHAN | B33: PT-TANJUNG BALAI | C33: 68709457 | D33: 67993640 | G33: 16 | H33: 6 | I33: 0 | J33: 0 | M33: 25 | N33: 13 | O33: 3310810.8 | P33: 4307207.2 | Q33: 2 | R33: 18 | S33: 19592446 | T33: 18812644 | U33: 3037387.4 | V33: 5887117.1 | W33: 1316.0385 | X33: 1330.4231
A34: AEK KUO|LABUHANBATU UTARA | B34: PT-LABURA | C34: 1.6521204e+08 | D34: 1.5737477e+08 | E34: 1952252.3 | F34: 2224324.3 | G34: 14 | H34: 13 | I34: 2 | J34: 0 | M34: 31 | N34: 19 | O34: 8807657.7 | P34: 6999639.6 | Q34: 40 | R34: 56 | S34: 60800356 | T34: 60031286 | U34: 8518918.9 | V34: 7260000 | W34: 2719.0385 | X34: 2717.2692
A35: AEK LEDONG|ASAHAN | B35: PT-TANJUNG BALAI | C35: 89374559 | D35: 91317649 | E35: 900.9009 | F35: 1.4616036e+08 | G35: 10 | H35: 6 | I35: 0 | J35: 0 | M35: 20 | N35: 17 | O35: 9608108.1 | P35: 12341441 | R35: 107 | S35: 25436009 | T35: 28716261 | U35: 1067207.2 | V35: 6139729.7 | W35: 1975.6154 | X35: 2055.9231
A36: AEK NABARA BARUMUN|PADANG LAWAS | B36: PT-PADANG LAWAS | C36: 57043881 | D36: 58588748 | E36: 137837.84 | F36: 1801.8018 | G36: 19 | H36: 48 | I36: 0 | J36: 0 | K36: 1 | M36: 33 | N36: 63 | O36: 3128738.7 | P36: 1929729.7 | Q36: 9 | R36: 16 | S36: 17188559 | T36: 20134950 | U36: 2320360.4 | V36: 1558828.8 | W36: 1083.2308 | X36: 1094.5385
A37: AEK NATAS|LABUHANBATU UTARA | B37: PT-LABURA | C37: 73936298 | D37: 70692663 | E37: 25225.225 | F37: 17117.117 | G37: 27 | H37: 4 | I37: 4 | J37: 2 | M37: 43 | N37: 9 | O37: 14987387 | P37: 10790991 | Q37: 22 | R37: 50 | S37: 26663446 | T37: 25899212 | U37: 14612793 | V37: 13287568 | W37: 1669.7692 | X37: 1661.8846
A38: AEK SONGSONGAN|ASAHAN | B38: PT-TANJUNG BALAI | C38: 22982175 | D38: 22861479 | E38: 900.9009 | F38: 7207.2072 | G38: 3 | H38: 2 | I38: 1 | J38: 1 | M38: 18 | N38: 20 | O38: 3513513.5 | P38: 3125225.2 | Q38: 1 | R38: 9 | S38: 17176369 | T38: 16076342 | U38: 2806756.8 | V38: 3098828.8 | W38: 515.23077 | X38: 505.69231
A39: AERE|KOLAKA TIMUR | B39: PT-TANGGETADA | C39: 11120898 | D39: 9683323.8 | G39: 4 | H39: 10 | M39: 7 | N39: 15 | S39: 1104941.4 | T39: 1817504.5 | W39: 189.07692 | X39: 206.11538
A40: AERTEMBAGA|KOTA BITUNG | B40: PT-BITUNG | C40: 4.2853325e+08 | D40: 4.1318882e+08 | E40: 29850450 | F40: 1.1381419e+08 | G40: 12 | H40: 5 | I40: 2 | J40: 2 | K40: 1 | M40: 400 | N40: 150 | O40: 33692703 | P40: 30961081 | Q40: 3 | R40: 493 | S40: 1.3524421e+08 | T40: 1.3536248e+08 | U40: 20722072 | V40: 30701351 | W40: 6255.1154 | X40: 6122.4615
A41: AESESA|NAGEKEO | B41: PT-AESESA | C41: 3.2208223e+08 | D41: 3.1398515e+08 | E41: 65461617 | F41: 68260403 | G41: 97 | H41: 134 | I41: 8 | J41: 27 | K41: 2 | M41: 198 | N41: 258 | O41: 70473874 | P41: 71035778 | Q41: 339 | R41: 328 | S41: 79676228 | T41: 77522095 | U41: 56682295 | V41: 53520000 | W41: 4640.8462 | X41: 4451.3077
A42: AFULU|NIAS UTARA | B42: PT-SITOLI | C42: 8288406.9 | D42: 8697642.6 | E42: 2702.7027 | F42: 900.9009 | G42: 8 | H42: 4 | I42: 1 | J42: 1 | M42: 13 | N42: 15 | O42: 274774.77 | P42: 1033333.3 | Q42: 1 | R42: 8 | S42: 1877414.4 | T42: 3113644.1 | U42: 217567.57 | V42: 901441.44 | W42: 215.53846 | X42: 224.69231
A43: AGRABINTA|CIANJUR | B43: PT-AGRABINTA | C43: 9.9258278e+08 | D43: 1.0307014e+09 | E43: 94465447 | F43: 80551007 | G43: 224 | H43: 277 | I43: 10 | J43: 16 | M43: 462 | N43: 396 | O43: 97561081 | P43: 1.2546491e+08 | Q43: 315 | R43: 335 | S43: 2.6173621e+08 | T43: 2.662552e+08 | U43: 79183330 | V43: 94604222 | W43: 21925.962 | X43: 21668.462
A44: AIKMEL|LOMBOK TIMUR | B44: PT-SELONG | C44: 1.3436032e+08 | D44: 1.3195808e+08 | E44: 334234.23 | F44: 283783.78 | G44: 31 | H44: 34 | I44: 4 | J44: 1 | M44: 76 | N44: 71 | O44: 5988288.3 | P44: 7491891.9 | Q44: 125 | R44: 59 | S44: 17991640 | T44: 20020755 | U44: 4652973 | V44: 7789369.4 | W44: 2976.7692 | X44: 3101.8846
A45: AIMAS|SORONG | B45: PT-AIMAS | C45: 1.8213119e+08 | D45: 1.7318146e+08 | E45: 1.9178411e+08 | F45: 1.3260078e+08 | G45: 221 | H45: 228 | I45: 8 | J45: 9 | K45: 2 | M45: 379 | N45: 299 | O45: 54342432 | P45: 30074865 | Q45: 375 | R45: 133 | S45: 35888995 | T45: 32116667 | U45: 37805766 | V45: 17715676 | W45: 3266.0769 | X45: 3200.5769
A46: AIMERE|NGADA | B46: PT-BAJAWA | C46: 64286160 | D46: 63183030 | G46: 20 | H46: 14 | M46: 27 | N46: 26 | S46: 8923734.2 | T46: 10250284 | V46: 1576576.6 | W46: 896.92308 | X46: 936.96154
A47: AIR BATU|ASAHAN | B47: PT-TANJUNG BALAI | C47: 2.427836e+08 | D47: 2.4619211e+08 | E47: 2.5093789e+08 | F47: 53210256 | G47: 79 | H47: 71 | I47: 6 | J47: 15 | M47: 135 | N47: 168 | O47: 27742793 | P47: 41749842 | Q47: 51 | R47: 143 | S47: 89819342 | T47: 90442581 | U47: 25940811 | V47: 40502162 | W47: 5225.8462 | X47: 5365
A48: AIR BESI|BENGKULU UTARA | B48: PT-ARGA MAKMUR | C48: 2.0893199e+08 | D48: 2.233556e+08 | E48: 7512342.3 | F48: 922522.52 | G48: 49 | H48: 57 | I48: 1 | J48: 0 | M48: 67 | N48: 65 | O48: 11842793 | P48: 13662613 | Q48: 16 | R48: 162 | S48: 1.3094078e+08 | T48: 1.3225621e+08 | U48: 10984054 | V48: 12031171 | W48: 2909.7308 | X48: 3027.0385
A49: AIR DIKIT|MUKOMUKO | B49: PT-BENGKULU UTARA AIR DIKIT | C49: 52020565 | D49: 55751712 | E49: 7207.2072 | F49: 7207.2072 | G49: 8 | H49: 16 | I49: 2 | J49: 1 | M49: 11 | N49: 17 | O49: 8275495.5 | P49: 10995225 | Q49: 25 | R49: 45 | S49: 7855714.4 | T49: 10282536 | U49: 11032432 | V49: 19327924 | W49: 966.26923 | X49: 991.15385
A50: AIR HANGAT BARAT|KERINCI | B50: PT-KERINCI | E50: 9365765.8 | F50: 91245038
A51: AIR HANGAT TIMUR|KERINCI | B51: PT-KERINCI | C51: 56513352 | D51: 60219661 | E51: 17117.117 | F51: 53153.153 | G51: 16 | H51: 16 | I51: 2 | J51: 1 | K51: 1 | M51: 26 | N51: 19 | O51: 2355855.9 | P51: 2134054.1 | R51: 12 | S51: 8812261.3 | T51: 9625149.5 | U51: 1934504.5 | V51: 1927027 | W51: 1506.9231 | X51: 1841.4231
A52: AIR HANGAT|KERINCI | B52: PT-KERINCI | C52: 29501902 | D52: 33390510 | E52: 64414.414 | F52: 101801.8 | G52: 9 | H52: 7 | I52: 4 | J52: 10 | M52: 13 | N52: 14 | O52: 4238738.7 | P52: 4513693.7 | Q52: 16 | R52: 111 | S52: 5576527 | T52: 5455806.3 | U52: 3316396.4 | V52: 4609009 | W52: 843.65385 | X52: 829.42308
A53: AIR HITAM|LAMPUNG BARAT | B53: PT-WAY TENONG | C53: 4.6556473e+08 | D53: 4.7921269e+08 | E53: 7881058.6 | F53: 638738.74 | G53: 55 | H53: 100 | I53: 4 | J53: 6 | K53: 1 | M53: 59 | N53: 106 | O53: 43440270 | P53: 74279550 | Q53: 98 | R53: 163 | S53: 1.1308569e+08 | T53: 1.19025e+08 | U53: 56688739 | V53: 59266259 | W53: 6260.1538 | X53: 6437.9615
A54: AIR HITAM|SAROLANGUN | B54: PT-SAROLANGUN | C54: 2.8568457e+08 | D54: 2.7678229e+08 | E54: 1069369.4 | F54: 666666.67 | G54: 49 | H54: 54 | I54: 26 | J54: 26 | K54: 3 | M54: 60 | N54: 93 | O54: 47976577 | P54: 56663198 | Q54: 76 | R54: 454 | S54: 79088865 | T54: 76828703 | U54: 42920541 | V54: 54818198 | W54: 4358.8846 | X54: 4272.6923
A55: AIR JOMAN|ASAHAN | B55: PT-ASAHAN | C55: 1.9461486e+08 | D55: 1.5481518e+08 | E55: 15315.315 | F55: 1271171.2 | G55: 43 | H55: 35 | I55: 4 | J55: 10 | K55: 2 | M55: 115 | N55: 105 | O55: 12272072 | P55: 28045135 | Q55: 21 | R55: 276 | S55: 57081757 | T55: 59510261 | U55: 10762072 | V55: 29026847 | W55: 3946.8077 | X55: 3910.0385
A56: AIR KUMBANG|BANYUASIN | B56: PT-AIR KUMBANG | C56: 8.0288142e+08 | D56: 7.717952e+08 | E56: 34484276 | F56: 31805948 | G56: 148 | H56: 131 | I56: 14 | J56: 6 | K56: 1 | M56: 286 | N56: 183 | O56: 40342793 | P56: 41599730 | Q56: 490 | R56: 398 | S56: 2.3731832e+08 | T56: 2.3968092e+08 | U56: 35992973 | V56: 33969910 | W56: 11917.115 | X56: 11750.692
A57: AIR MANJUTO|MUKOMUKO | B57: PT-KOTA MUKOMUKO | C57: 1.5460378e+08 | D57: 1.627273e+08 | E57: 23720161 | F57: 1.1134565e+08 | G57: 28 | H57: 21 | I57: 1 | J57: 2 | K57: 1 | M57: 40 | N57: 27 | O57: 24179279 | P57: 28122613 | Q57: 37 | R57: 45 | S57: 16757351 | T57: 17370158 | U57: 25286847 | V57: 30153694 | W57: 1991.7308 | X57: 1992.7308
A58: AIR NANINGAN|TANGGAMUS | B58: PT-KOTA AGUNG | C58: 2.7799725e+08 | D58: 2.9941106e+08 | E58: 1.4427322e+08 | F58: 910810.81 | G58: 117 | H58: 137 | I58: 11 | J58: 10 | K58: 13 | M58: 144 | N58: 163 | O58: 38608919 | P58: 43612477 | Q58: 120 | R58: 15 | S58: 82906057 | T58: 85944099 | U58: 39099189 | V58: 42777928 | W58: 8253.6538 | X58: 8319.9615
A59: AIR NAPAL|BENGKULU UTARA | B59: PT-ARGA MAKMUR | C59: 1.7405026e+08 | D59: 1.7742114e+08 | E59: 1253828.8 | F59: 1505405.4 | G59: 26 | H59: 33 | I59: 2 | J59: 2 | M59: 38 | N59: 41 | O59: 12601802 | P59: 20014414 | Q59: 7 | R59: 167 | S59: 71733108 | T59: 74863414 | U59: 10828829 | V59: 15837568 | W59: 2855.0769 | X59: 2821.3077
A60: AIR NIPIS|BENGKULU SELATAN | B60: PT-SEGINIM | C60: 1.0895829e+08 | D60: 1.0540594e+08 | E60: 548648.65 | F60: 550450.45 | G60: 21 | H60: 28 | I60: 3 | J60: 2 | K60: 1 | M60: 33 | N60: 77 | O60: 4366306.3 | P60: 4151081.1 | Q60: 5 | R60: 6 | S60: 43927725 | T60: 47487770 | U60: 4446666.7 | V60: 5230180.2 | W60: 1887.2692 | X60: 1919.3462
A61: AIR PADANG|BENGKULU UTARA | B61: PT-ARGA MAKMUR | C61: 85774842 | D61: 86140841 | E61: 337612.61 | F61: 483783.78 | G61: 15 | H61: 13 | I61: 0 | J61: 0 | K61: 1 | M61: 18 | N61: 20 | O61: 1154504.5 | P61: 1758558.6 | S61: 22347302 | T61: 24307417 | U61: 977567.57 | V61: 1289909.9 | W61: 1194.5769 | X61: 1324.8846
A62: AIR PERIUKAN|SELUMA | B62: PT-SELUMA | C62: 2.1655924e+08 | D62: 1.949248e+08 | E62: 5230900.9 | F62: 144144.14 | G62: 39 | H62: 36 | I62: 1 | J62: 3 | K62: 1 | M62: 57 | N62: 54 | O62: 12413514 | P62: 14566171 | Q62: 134 | R62: 79 | S62: 89013207 | T62: 89902045 | U62: 11542883 | V62: 13613514 | W62: 4885.1154 | X62: 5043.8846
A63: AIR PUTIH|BATU BARA | B63: PT-BATUBARA | C63: 4.5435882e+08 | D63: 4.5926675e+08 | E63: 3612162.2 | F63: 98526667 | G63: 40 | H63: 35 | I63: 6 | J63: 10 | M63: 127 | N63: 216 | O63: 65758559 | P63: 70403311 | Q63: 9 | R63: 481 | S63: 2.1906382e+08 | T63: 2.1832171e+08 | U63: 40446126 | V63: 58091602 | W63: 9272.3846 | X63: 9688.1538
A64: AIR RAMI|MUKOMUKO | B64: PT-MUKO-MUKO | C64: 1.3666e+08 | D64: 1.7488333e+08 | E64: 7160553.2 | F64: 884549.55 | G64: 31 | H64: 42 | I64: 1 | J64: 5 | M64: 34 | N64: 54 | O64: 1346148.6 | P64: 1594594.6 | S64: 12687509 | T64: 17220536 | U64: 1128468.5 | V64: 1889459.5 | W64: 2430.4615 | X64: 2780.1923
A65: AIR SALEK|BANYUASIN | B65: PT-BANYUASIN TIMUR AIR SALEK | C65: 3.9779908e+08 | D65: 4.1522169e+08 | E65: 1.4383172e+08 | F65: 78414074 | G65: 24 | H65: 51 | I65: 14 | J65: 6 | K65: 1 | M65: 39 | N65: 76 | O65: 78615315 | P65: 50802703 | Q65: 248 | R65: 299 | S65: 50915234 | T65: 55562203 | U65: 75571351 | V65: 47135045 | W65: 4522 | X65: 5278.8077
A66: AIR SUGIHAN|OGAN KOMERING ILIR | B66: PT-OKI AIR SUGIHAN | C66: 3.100687e+08 | D66: 3.3996123e+08 | E66: 97297.297 | F66: 33998198 | G66: 50 | H66: 30 | I66: 1 | J66: 1 | K66: 1 | M66: 58 | N66: 49 | O66: 3544504.5 | P66: 12451532 | Q66: 49 | R66: 115 | S66: 34552532 | T66: 38645099 | U66: 3626396.4 | V66: 13156036 | W66: 6221.1154 | X66: 6634.1154
A67: AIR UPAS|KETAPANG | B67: PT-PEMAHAN | C67: 5.7919024e+08 | D67: 6.342412e+08 | E67: 3231255.9 | F67: 16745340 | G67: 139 | H67: 71 | I67: 9 | J67: 7 | K67: 1 | M67: 292 | N67: 210 | O67: 29288108 | P67: 24156710 | Q67: 71 | R67: 7 | S67: 84965382 | T67: 79816126 | U67: 15657027 | V67: 22675856 | W67: 8940.1923 | X67: 9375.8077
A68: AIRGEGAS|BANGKA SELATAN | B68: PT-PAYUNG | C68: 6.408283e+08 | D68: 6.4138389e+08 | E68: 19869194 | F68: 18698069 | G68: 139 | H68: 133 | I68: 19 | J68: 2 | K68: 5 | M68: 201 | N68: 153 | O68: 50658053 | P68: 1.5561104e+08 | Q68: 231 | R68: 122 | S68: 3.3885239e+08 | T68: 3.3931256e+08 | U68: 25898782 | V68: 1.5550523e+08 | W68: 8456.6923 | X68: 8403.6538
A69: AIRMADIDI|MINAHASA UTARA | B69: PT-NORTH MINAHASA | C69: 5.7834849e+08 | D69: 5.6016338e+08 | E69: 3.0502257e+08 | F69: 1.249225e+08 | G69: 38 | H69: 83 | I69: 12 | J69: 10 | K69: 1 | M69: 252 | N69: 346 | O69: 1.190368e+08 | P69: 1.601982e+08 | Q69: 19 | R69: 197 | S69: 1.3932821e+08 | T69: 1.4288077e+08 | U69: 83653514 | V69: 1.5894171e+08 | W69: 10478.615 | X69: 10370.192
A70: AIRPURA|PESISIR SELATAN | B70: PT-PESISIR SELATAN SOUTH | C70: 77895967 | D70: 70634127 | E70: 435135.14 | F70: 448648.65 | G70: 5 | H70: 4 | I70: 4 | J70: 2 | K70: 20 | M70: 73 | N70: 19 | O70: 6001801.8 | P70: 8411531.5 | R70: 89 | S70: 27777595 | T70: 26085748 | U70: 5271621.6 | V70: 8660090.1 | W70: 1117.5385 | X70: 1209.9615
A71: AJANGALE|BONE | B71: PT-DUA BOCCOE | C71: 3.0324947e+08 | D71: 3.029011e+08 | E71: 1783689.2 | F71: 781081.08 | G71: 98 | H71: 172 | I71: 6 | J71: 11 | K71: 1 | M71: 119 | N71: 196 | O71: 46461167 | P71: 65129820 | Q71: 122 | R71: 89 | S71: 75795698 | T71: 85081440 | U71: 1.0272216e+08 | V71: 62853784 | W71: 4917.1154 | X71: 4864.1154
A72: AJIBARANG|BANYUMAS | B72: PT-BANYUMAS BARAT | C72: 1.032954e+09 | D72: 1.0388877e+09 | E72: 4.0449995e+08 | F72: 6.3057732e+08 | G72: 474 | H72: 351 | I72: 29 | J72: 30 | K72: 11 | M72: 794 | N72: 623 | O72: 74725169 | P72: 89375172 | Q72: 765 | R72: 896 | S72: 3.1246545e+08 | T72: 3.1723688e+08 | U72: 71323784 | V72: 83079820 | W72: 27197 | X72: 27496.385
A73: AJIBATA|TOBA SAMOSIR | B73: PT-TOBASA | C73: 32632375 | D73: 32965942 | G73: 1 | H73: 3 | M73: 24 | N73: 21 | O73: 900900.9 | P73: 477477.48 | R73: 3 | S73: 4848148.6 | T73: 5754905.4 | U73: 839639.64 | V73: 799459.46 | W73: 352.03846 | X73: 415.46154
A74: AJUNG|JEMBER | B74: PT-AMBULU JEMBER | C74: 3.1884819e+08 | D74: 3.0648529e+08 | E74: 4.2948405e+08 | F74: 1831531.5 | G74: 190 | H74: 133 | I74: 10 | J74: 15 | M74: 308 | N74: 240 | O74: 38623468 | P74: 46620270 | Q74: 294 | R74: 364 | S74: 88050658 | T74: 93284829 | U74: 33231081 | V74: 37685135 | W74: 14105.692 | X74: 13630.308
A75: AKABILURU|LIMA PULUH KOTA | B75: PT-LIMA PULUH KOTA | C75: 1.6261514e+08 | D75: 1.6551884e+08 | F75: 45045.045 | G75: 15 | H75: 22 | I75: 12 | J75: 1 | K75: 6 | M75: 45 | N75: 57 | O75: 9872973 | P75: 21491112 | Q75: 163 | R75: 191 | S75: 60948437 | T75: 62423613 | U75: 22687838 | V75: 30344505 | W75: 3023.3077 | X75: 3112.8846
A76: ALAK|KOTA KUPANG | B76: PT-ALAK | C76: 1.3866859e+08 | D76: 1.3741971e+08 | E76: 6438654.1 | F76: 5713064 | K76: 1 | M76: 117 | N76: 287 | O76: 4237837.8 | P76: 7830711.7 | Q76: 28 | R76: 187 | S76: 20563491 | T76: 22529608 | U76: 3604504.5 | V76: 7155855.9 | W76: 2372.9615 | X76: 2503.2692
A77: ALAK|KOTA KUPANG | B77: PT-KUPANG ALAK | C77: 5.2079482e+08 | D77: 5.2976141e+08 | E77: 1.0117045e+08 | F77: 92512306 | G77: 106 | H77: 75 | I77: 13 | J77: 7 | K77: 1 | M77: 130 | N77: 103 | O77: 40701139 | P77: 23970105 | Q77: 154 | R77: 277 | S77: 1.0319666e+08 | T77: 1.0672612e+08 | U77: 28440090 | V77: 15429550 | W77: 11937 | X77: 11979
A78: ALALAK|BARITO KUALA | B78: PT-MARABAHAN | C78: 1.4197481e+09 | D78: 1.3099084e+09 | E78: 5.4084519e+08 | F78: 52531306 | G78: 936 | H78: 796 | I78: 15 | J78: 15 | K78: 7 | M78: 1340 | N78: 1461 | O78: 3.3976775e+08 | P78: 3.1396802e+08 | Q78: 1615 | R78: 485 | S78: 4.8971376e+08 | T78: 3.9251946e+08 | U78: 3.4708521e+08 | V78: 3.5706405e+08 | W78: 27711.577 | X78: 26444.269
A79: ALAM BARAJO|KOTA JAMBI | B79: PT-JAMBI WEST | C79: 1.3367932e+09 | D79: 1.3487918e+09 | E79: 1987537.8 | F79: 1077477.5 | G79: 244 | H79: 304 | I79: 23 | J79: 27 | K79: 2 | M79: 767 | N79: 1026 | O79: 1.4512016e+09 | P79: 5.842832e+08 | Q79: 449 | R79: 550 | S79: 2.2556508e+08 | T79: 2.339391e+08 | U79: 1.4488863e+08 | V79: 4.9410293e+08 | W79: 26999.192 | X79: 27327.385
A80: ALANG-ALANG LEBAR|KOTA PALEMBANG | B80: PT-ILIR BARAT | C80: 1.7269217e+09 | D80: 1.6252529e+09 | E80: 528378.38 | F80: 1311081.1 | G80: 198 | H80: 232 | I80: 8 | J80: 25 | K80: 4 | M80: 683 | N80: 831 | O80: 1.8988306e+09 | P80: 2.1161377e+08 | Q80: 4363 | R80: 1292 | S80: 2.8062916e+08 | T80: 2.8410771e+08 | U80: 1.8630722e+09 | V80: 45653604 | W80: 33010.923 | X80: 33409.077
A81: ALAS BARAT|SUMBAWA | B81: PT-ALAS | C81: 60408568 | D81: 62830017 | E81: 3529619.8 | F81: 4945531.5 | G81: 211 | H81: 59 | I81: 5 | J81: 3 | K81: 2 | M81: 389 | N81: 73 | O81: 8000000 | P81: 5988288.3 | Q81: 12 | R81: 44 | S81: 15053820 | T81: 12511113 | U81: 3847477.5 | V81: 5150000 | W81: 1236.4615 | X81: 1252.0385
A82: ALAS|SUMBAWA | B82: PT-ALAS | C82: 45504851 | D82: 45815592 | E82: 6757244.1 | F82: 8118245.9 | G82: 14 | H82: 18 | I82: 5 | J82: 1 | M82: 19 | N82: 44 | O82: 9675675.7 | P82: 10117117 | Q82: 8 | R82: 65 | S82: 7725094.6 | T82: 8092130.6 | U82: 4781982 | V82: 6734594.6 | W82: 1066.7308 | X82: 1052.8462
A83: ALASA TALUMUZOI|NIAS UTARA | B83: PT-SITOLI | C83: 25811711 | D83: 27845549 | G83: 1 | I83: 1 | J83: 1 | K83: 1 | M83: 12 | N83: 10 | P83: 63063.063 | R83: 1 | S83: 4499009 | T83: 4759968.5 | U83: 34983784 | V83: 89729.73 | W83: 342.92308 | X83: 368.46154
A84: ALASA|NIAS UTARA | B84: PT-SITOLI | C84: 37405600 | D84: 34843531 | G84: 2 | I84: 0 | J84: 0 | M84: 10 | N84: 22 | O84: 2073873.9 | P84: 2091891.9 | R84: 3 | S84: 4200473 | T84: 4763779.3 | U84: 966216.22 | V84: 1470991 | W84: 432.30769 | X84: 441.38462
A85: ALIAN|KEBUMEN | B85: PT-KEBUMEN TIMUR | C85: 5.0967738e+08 | D85: 5.0881644e+08 | E85: 1273423.4 | F85: 589789.19 | G85: 68 | H85: 130 | I85: 11 | J85: 15 | M85: 117 | N85: 199 | O85: 20455856 | P85: 35884946 | Q85: 229 | R85: 178 | S85: 1.2383278e+08 | T85: 1.2891216e+08 | U85: 21379099 | V85: 36039189 | W85: 16027.538 | X85: 16087.269
A86: ALLA|ENREKANG | B86: PT-ENREKANG | C86: 1.8410702e+08 | D86: 1.9435846e+08 | E86: 98484685 | F86: 1.7608955e+09 | G86: 33 | H86: 54 | I86: 2 | J86: 3 | M86: 40 | N86: 70 | O86: 17790991 | P86: 30527477 | Q86: 515 | R86: 157 | S86: 25289045 | T86: 28970725 | U86: 9412432.4 | V86: 14889189 | W86: 3525.1538 | X86: 3635.6154
A87: ALLU|POLEWALI MANDAR | B87: PT-EAST POLEWALI | C87: 15899750 | D87: 15866237 | E87: 1801.8018 | G87: 3 | H87: 2 | I87: 0 | J87: 1 | M87: 5 | N87: 3 | O87: 1801.8018 | P87: 321441.44 | Q87: 1 | R87: 3 | S87: 2156567.6 | T87: 2684727.9 | U87: 460180.18 | V87: 575315.32 | W87: 338.65385 | X87: 352.34615
A88: ALOK BARAT|SIKKA | B88: PT-ALOK | C88: 1.1066863e+08 | D88: 1.0898149e+08 | E88: 2205405.4 | F88: 1246846.8 | G88: 66 | H88: 109 | I88: 5 | J88: 3 | K88: 2 | M88: 92 | N88: 156 | O88: 12573423 | P88: 8965765.8 | Q88: 229 | R88: 122 | S88: 24139676 | T88: 24979671 | U88: 9105585.6 | V88: 7664504.5 | W88: 1894.6538 | X88: 1804
A89: ALOK TIMUR|SIKKA | B89: PT-ALOK | C89: 63501801 | D89: 68055492 | K89: 1 | M89: 45 | N89: 66 | O89: 14386486 | P89: 6028828.8 | Q89: 97 | R89: 65 | S89: 12023360 | T89: 17825653 | U89: 14313063 | V89: 4313063.1 | W89: 1092.9615 | X89: 1078.1154
A90: ALOK TIMUR|SIKKA | B90: PT-ALOK TIMUR | C90: 78852820 | D90: 74148516 | E90: 26326228 | F90: 25812879 | G90: 36 | H90: 59 | I90: 15 | J90: 6 | K90: 1 | M90: 53 | N90: 63 | O90: 30668468 | P90: 14934234 | Q90: 300 | R90: 50 | S90: 13948919 | T90: 14903944 | U90: 25768919 | V90: 17998288 | W90: 1393 | X90: 1240
A91: ALOK|SIKKA | B91: PT-ALOK | C91: 2.6517838e+08 | D91: 2.706967e+08 | E91: 1.2751995e+08 | F91: 97895746 | G91: 165 | H91: 244 | I91: 16 | J91: 15 | K91: 1 | M91: 254 | N91: 377 | O91: 1.1996847e+08 | P91: 91432297 | Q91: 649 | R91: 481 | S91: 66537129 | T91: 64435288 | U91: 85418288 | V91: 67194054 | W91: 4789 | X91: 5053.5
A92: ALOR BARAT DAYA|ALOR | B92: PT-ALOR | C92: 27487974 | D92: 29032116 | M92: 8 | N92: 11 | O92: 5722522.5 | P92: 6221621.6 | Q92: 54 | R92: 70 | S92: 14287176 | T92: 12842739 | U92: 4604054.1 | V92: 4344324.3 | W92: 599.84615 | X92: 614.84615
A93: ALOR BARAT DAYA|ALOR | B93: PT-TELUK MUTIARA | C93: 21091408 | D93: 20619993 | F93: 24966.667 | G93: 8 | H93: 14 | I93: 7 | J93: 0 | M93: 9 | N93: 14 | O93: 81081.081 | P93: 1827702.7 | Q93: 5 | S93: 6954774.8 | T93: 7612782 | U93: 841891.89 | V93: 1087027 | W93: 753 | X93: 750
A94: ALOR BARAT LAUT|ALOR | B94: PT-ALOR | C94: 6393703.9 | D94: 7768369.6 | M94: 2 | N94: 5 | S94: 1177351.4 | T94: 1064076.6 | W94: 185.46154 | X94: 195.15385
A95: ALOR BARAT LAUT|ALOR | B95: PT-TELUK MUTIARA | C95: 22456851 | D95: 21709697 | G95: 19 | H95: 16 | M95: 20 | N95: 17 | S95: 9780270.3 | T95: 9544639.6 | W95: 458 | X95: 478
A96: ALOR TENGAH UTARA|ALOR | B96: PT-ALOR | C96: 14611203 | D96: 14120746 | M96: 5 | N96: 9 | O96: 815315.32 | P96: 991891.89 | Q96: 4 | R96: 43 | S96: 4755671.2 | T96: 4310072.1 | U96: 759009.01 | V96: 650900.9 | W96: 365.23077 | X96: 364.84615
A97: ALOR TENGAH UTARA|ALOR | B97: PT-TELUK MUTIARA | C97: 16485047 | D97: 13982613 | E97: 85585.586 | F97: 2702.7027 | G97: 17 | H97: 17 | I97: 2 | J97: 0 | M97: 20 | N97: 17 | O97: 630630.63 | P97: 272972.97 | S97: 4676171.2 | T97: 5054414.4 | U97: 190270.27 | V97: 134954.95 | W97: 365 | X97: 369
A98: ALOR TIMUR LAUT|ALOR | B98: PT-ALOR | C98: 809462.36 | D98: 928874.95 | M98: 1 | N98: 1 | S98: 352635.14 | T98: 343684.68 | W98: 69.961538 | X98: 78.192308
A99: ALOR TIMUR LAUT|ALOR | B99: PT-TELUK MUTIARA | C99: 5846140.5 | D99: 5916052.9 | F99: 900900.9 | G99: 7 | H99: 3 | M99: 7 | N99: 4 | S99: 2441261.3 | T99: 3221250.5 | W99: 433 | X99: 466
A100: ALOR TIMUR|ALOR | B100: PT-ALOR | C100: 1312076.5 | D100: 932737.46 | S100: 677639.64 | T100: 380445.95 | W100: 85.653846 | X100: 73.692308
A101: ALOR TIMUR|ALOR | B101: PT-TELUK MUTIARA | C101: 8437533.6 | D101: 6957277.3 | G101: 2 | H101: 6 | M101: 2 | N101: 6 | S101: 4719594.6 | T101: 3704459.5 | W101: 669 | X101: 519
...
